name,seconds
data_load_time_s,0.7456332799047232
is_fit_time_s,17.000517854467034
preprocess_time_s,17.000517854467034
model_train_time_s,259.50159834790975
metric_eval_time_s,2.4966769041493535
total_run_time_s,282.5751870740205
