phase,n_samples,n_iter,train_time_s,pred_time_s,micro_f1,macro_f1,f1_weighted,accuracy,hard_slice_quantile,hard_slice_macro_f1,avg_seq_len,compute_proxy,best_val_macro_f1,best_val_epoch,steps_to_best_val
easy,1371,204,70.63819003663957,4.035722634755075,0.5142231947483589,0.025102639866953578,0.3836133841100272,0.5142231947483589,0.8,0.009850520485374317,112.44310823311748,22938.39407955597,0.03082602007440639,2.0,204.0
easy_medium,1371,610,123.34826810844243,4.035736354067922,0.6980306345733042,0.13330598213328257,0.6368545703189469,0.6980306345733042,0.8,0.0802212744043675,124.60849008120053,76011.17894953232,0.16034594787827472,2.0,610.0
all,1371,1286,202.28960170038044,4.0794199369847775,0.7315827862873815,0.3535537155772825,0.720353849328257,0.7315827862873815,0.8,0.20598984622661967,138.94990018988267,178689.5716441891,0.4229504918197573,2.0,1286.0
