name,seconds
data_load_time_s,0.527423432096839
is_fit_time_s,1.9983869027346373
preprocess_time_s,1.9983869027346373
