name,seconds
data_load_time_s,1.3949689250439405
is_fit_time_s,60.448224916122854
preprocess_time_s,60.448224916122854
cl_signal_extract,2.6488486202433705
cl_phase_build,0.0016038594767451286
model_train_time_s,551.4148147460073
metric_eval_time_s,16.3370553413406
total_run_time_s,621.5387375447899
