phase,n_samples,n_iter,train_time_s,pred_time_s,micro_f1,macro_f1,f1_weighted,accuracy,hard_slice_quantile,hard_slice_macro_f1,avg_seq_len,compute_proxy,best_val_macro_f1,best_val_epoch,steps_to_best_val
full,1061,1614,64.70481777470559,0.2583540054038167,0.9066918001885014,0.8915899907627682,0.9068062078356661,0.9066918001885014,0.8,0.7302742154582921,5.837019790454017,9420.949941792784,0.8975667310226472,2.0,538.0
