name,seconds
is_fit,159.45714524807408
cl_signal_extract,1.3400719063356519
cl_phase_build,0.0012074392288923264
cl_total,178.25988770695403
total_run,342.6513524679467
