name,seconds
data_load_time_s,0.9711818313226104
is_fit_time_s,309.90487492410466
preprocess_time_s,309.90487492410466
cl_signal_extract,1.961697107180953
cl_phase_build,0.0012085097841918468
