phase,n_samples,n_iter,train_time_s,pred_time_s,micro_f1,macro_f1,f1_weighted,accuracy,hard_slice_quantile,hard_slice_macro_f1,avg_seq_len,compute_proxy,best_val_macro_f1,best_val_epoch,steps_to_best_val
clean,1186,182,19.539738663472235,0.8414686750620604,0.5185497470489039,0.5188141261098291,0.5149973138517688,0.5185497470489039,0.8,0.3099415973563991,24.071850052065255,4381.076709475877,0.4967656445970269,2.0,182.0
diverse,1186,544,24.718897752463818,0.7507140366360545,0.5505902192242833,0.5540746747506772,0.551880443352626,0.5505902192242833,0.8,0.339399566943923,24.52858134691044,13343.548252719278,0.5295420129083058,2.0,544.0
hard,1186,1116,39.22504593804479,0.7519996780902147,0.5505902192242833,0.5480952219466863,0.5506922675773527,0.5505902192242833,0.8,0.3775667927709197,24.723526431346055,27591.455497382198,0.5483756384557881,2.0,1116.0
