name,seconds
data_load_time_s,1.0078648505732417
is_fit_time_s,1.892015122808516
preprocess_time_s,1.892015122808516
