name,seconds
data_load_time_s,0.8284931322559714
is_fit_time_s,77.04183900356293
preprocess_time_s,77.04183900356293
model_train_time_s,754.8527979021892
total_run_time_s,852.2127521866933
