name,seconds
data_load_time_s,0.5280294790863991
is_fit_time_s,264.84924835618585
preprocess_time_s,264.84924835618585
model_train_time_s,490.7717536240816
total_run_time_s,761.0278187748045
