name,seconds
data_load_time_s,0.809932017698884
is_fit_time_s,14.058940497227013
preprocess_time_s,14.058940497227013
cl_signal_extract,0.7880225041881204
cl_phase_build,0.0006225351244211197
model_train_time_s,811.8430195050314
total_run_time_s,839.3908738708124
