name,seconds
train_total,438.24132163776085
total_run,444.7954030223191
