name,seconds
data_load_time_s,1.0226284675300121
is_fit_time_s,689.9347889516503
preprocess_time_s,689.9347889516503
