name,seconds
data_load_time_s,0.8191794455051422
is_fit_time_s,74.94884479697794
preprocess_time_s,74.94884479697794
cl_signal_extract,1.7184509132057428
cl_phase_build,0.001009015366435051
model_train_time_s,369.1404845584184
metric_eval_time_s,23.596981519833207
total_run_time_s,454.72466191183776
