name,seconds
data_load_time_s,0.9624569909647107
is_fit_time_s,373.37968071643263
preprocess_time_s,373.37968071643263
cl_signal_extract,1.9197801467962563
cl_phase_build,0.001542497891932726
