phase,n_samples,n_iter,train_time_s,pred_time_s,micro_f1,macro_f1,accuracy,hard_slice_macro_f1
full,1060,1614,329.0400650333613,1.6711647910997272,0.8971698113207547,0.8826374773863324,0.8971698113207547,0.6691620490783671
