name,seconds
data_load_time_s,0.12706518732011318
is_fit_time_s,4.5247619934380054
preprocess_time_s,4.5247619934380054
cl_signal_extract,0.9814003007486463
cl_phase_build,0.0009328927844762802
model_train_time_s,58.10729410126805
metric_eval_time_s,2.2316475696861744
total_run_time_s,64.6793179679662
