phase,n_samples,n_iter,train_time_s,pred_time_s,micro_f1,macro_f1,f1_weighted,accuracy,hard_slice_quantile,hard_slice_macro_f1,avg_seq_len,compute_proxy,best_val_macro_f1,best_val_epoch,steps_to_best_val
easy,1315,204,71.4486726615578,3.8870195811614394,0.526235741444867,0.030531787646065373,0.40925892797104263,0.526235741444867,0.8,0.012651162790697675,111.02890528905289,22649.89667896679,0.03218879015089762,2.0,204.0
easy_medium,1315,612,124.11402679327875,3.8797038262709975,0.7254752851711027,0.1616172527509528,0.6679885020592408,0.7254752851711027,0.8,0.10518755222512448,123.51347750333095,75590.24823203855,0.17256570524376394,2.0,612.0
all,1315,1290,202.64716265816242,3.8700636755675077,0.7612167300380228,0.4292847856487076,0.7513361423295171,0.7612167300380228,0.8,0.2973064173930976,138.31082524271844,178420.9645631068,0.4467526349861218,2.0,1290.0
