name,seconds
data_load_time_s,0.836444690823555
is_fit_time_s,76.3373207654804
preprocess_time_s,76.3373207654804
cl_signal_extract,1.90734969265759
cl_phase_build,0.0011424385011196136
model_train_time_s,399.96818944904953
metric_eval_time_s,11.583442851901054
total_run_time_s,483.03573233727366
