name,seconds
data_load_time_s,0.049599939957261086
is_fit_time_s,0.4312524292618036
preprocess_time_s,0.4312524292618036
cl_signal_extract,1.023724797181785
cl_phase_build,0.001337043009698391
model_train_time_s,132.3948652194813
metric_eval_time_s,2.460534982383251
total_run_time_s,134.3785704029724
