name,seconds
data_load_time_s,0.8399641998112202
is_fit_time_s,75.70182724948972
preprocess_time_s,75.70182724948972
model_train_time_s,400.9348595198244
metric_eval_time_s,3.9618163676932454
total_run_time_s,482.9973948933184
