phase,n_samples,n_iter,train_time_s,pred_time_s,micro_f1,macro_f1,accuracy,hard_slice_macro_f1
full,821,2772,428.4153213421814,2.3500472931191325,0.44336175395858707,0.09702875491981637,0.44336175395858707,0.15884809634809635
