name,seconds
data_load_time_s,0.7607004242017865
is_fit_time_s,14.510687867179513
preprocess_time_s,14.510687867179513
model_train_time_s,641.0494832675904
total_run_time_s,670.6185168856755
