name,seconds
data_load_time_s,1.0285022361204028
is_fit_time_s,225.8404238629155
preprocess_time_s,225.8404238629155
model_train_time_s,556.8186607598327
total_run_time_s,794.1253058686852
