phase,n_samples,n_iter,train_time_s,pred_time_s,micro_f1,macro_f1,accuracy,hard_slice_macro_f1
full,1293,1302,791.5265924911946,8.644651483744383,0.7385924207269915,0.46961913447259745,0.7385924207269915,0.27509359954930296
