name,seconds
data_load_time_s,0.8203923664987087
is_fit_time_s,77.0830813171342
preprocess_time_s,77.0830813171342
model_train_time_s,791.5265924911946
total_run_time_s,886.228459989652
