name,seconds
data_load_time_s,1.0754626682028174
is_fit_time_s,5.8871048502624035
preprocess_time_s,5.8871048502624035
cl_signal_extract,0.7955407211557031
