name,seconds
data_load_time_s,0.24378916807472706
is_fit_time_s,0.2437967974692583
preprocess_time_s,0.2437967974692583
model_train_time_s,163.08551916014403
metric_eval_time_s,1.4608430955559015
total_run_time_s,165.33427802007645
