name,seconds
data_load_time_s,0.7528261328116059
is_fit_time_s,15.89887682814151
preprocess_time_s,15.89887682814151
model_train_time_s,701.3975487546995
total_run_time_s,732.2136166850105
