phase,n_samples,n_iter,train_time_s,pred_time_s,micro_f1,macro_f1,accuracy,hard_slice_macro_f1
full,1328,2586,578.3755858321674,7.9163363659754395,0.7183734939759037,0.44603116606908605,0.7183734939759037,0.1911795120527178
