name,seconds
data_load_time_s,0.9954184228554368
is_fit_time_s,297.07327239215374
preprocess_time_s,297.07327239215374
model_train_time_s,578.3755858321674
total_run_time_s,892.5456594768912
