name,seconds
data_load_time_s,0.12717687152326107
is_fit_time_s,4.702710752375424
preprocess_time_s,4.702710752375424
cl_signal_extract,1.0087325172498822
cl_phase_build,0.0009723138064146042
model_train_time_s,57.50252880714834
metric_eval_time_s,2.273109802044928
total_run_time_s,64.39652790408581
