name,seconds
data_load_time_s,0.12804338429123163
is_fit_time_s,4.065266143530607
preprocess_time_s,4.065266143530607
cl_signal_extract,0.9647025056183338
cl_phase_build,0.0007078684866428375
model_train_time_s,57.595269985497
metric_eval_time_s,2.3150793854147196
total_run_time_s,63.77773075643927
