name,seconds
data_load_time_s,0.9415399269200861
is_fit_time_s,292.29603460710496
preprocess_time_s,292.29603460710496
cl_signal_extract,1.2314856769517064
cl_phase_build,0.0009896638803184032
model_train_time_s,162.94471363257617
total_run_time_s,461.3994884900749
