name,seconds
data_load_time_s,1.0122239738702774
is_fit_time_s,2.018549212254584
preprocess_time_s,2.018549212254584
model_train_time_s,224.68823913671076
total_run_time_s,232.87082252465189
