name,seconds
data_load_time_s,0.13016581442207098
is_fit_time_s,4.415354033000767
preprocess_time_s,4.415354033000767
cl_signal_extract,0.9936765553429723
cl_phase_build,0.0017940746620297432
model_train_time_s,56.01290309615433
metric_eval_time_s,2.280295624397695
total_run_time_s,62.523289444856346
