phase,n_samples,n_iter,train_time_s,pred_time_s,micro_f1,macro_f1,accuracy,hard_slice_macro_f1
full,1350,2022,2539.4938996154815,16.379533019848168,0.7192592592592593,0.45299333856910545,0.7192592592592593,0.24784959479139854
