phase,n_samples,n_iter,train_time_s,pred_time_s,micro_f1,macro_f1,f1_weighted,accuracy,hard_slice_quantile,hard_slice_macro_f1,avg_seq_len,compute_proxy,best_val_macro_f1,best_val_epoch,steps_to_best_val
clean,1831,278,96.30419519077986,5.44964262470603,0.5690879300928454,0.39205376046615725,0.5424467417438635,0.5690879300928454,0.8,0.18609565866088068,230.26624690802788,64014.01664043175,0.3998032668259634,2.0,278.0
diverse,1831,834,170.78868391364813,5.430553202517331,0.6821409066084108,0.5782168925697229,0.6809491089607832,0.6821409066084108,0.8,0.33107830490852447,227.80316318117082,189987.83809309645,0.5747185617428822,2.0,834.0
hard,1831,1716,265.34248127695173,5.452523197978735,0.7345712725286728,0.6794150757638764,0.7322834795495722,0.7345712725286728,0.8,0.3275641984805952,224.13241193202538,384611.21887535555,0.6893027817108164,2.0,1716.0
