name,seconds
data_load_time_s,1.3478475455194712
is_fit_time_s,63.33151144068688
preprocess_time_s,63.33151144068688
cl_signal_extract,2.623486928641796
cl_phase_build,0.0013857539743185043
model_train_time_s,549.8132027843967
metric_eval_time_s,16.332719025202096
total_run_time_s,622.7996401665732
