phase,n_samples,n_iter,train_time_s,pred_time_s,micro_f1,macro_f1,accuracy,hard_slice_macro_f1
full,823,1632,534.8852412672713,5.948716800659895,0.8529769137302552,0.8074471137355969,0.8529769137302552,0.4024089381528741
