name,seconds
data_load_time_s,1.0162909869104624
is_fit_time_s,163.96858873823658
preprocess_time_s,163.96858873823658
model_train_time_s,534.8852412672713
total_run_time_s,710.9012828720734
