phase,n_samples,n_iter,train_time_s,pred_time_s,micro_f1,macro_f1,f1_weighted,accuracy,hard_slice_quantile,hard_slice_macro_f1,avg_seq_len,compute_proxy,best_val_macro_f1,best_val_epoch,steps_to_best_val
clean,1061,108,13.043165209703147,0.2541015073657036,0.8265786993402451,0.8005948733034263,0.8276641855454385,0.8265786993402451,0.8,0.5689697347061309,5.808348030570253,627.3015873015872,0.8188872762457668,2.0,108.0
diverse,1061,330,8.636185101233423,0.24811113998293877,0.8944392082940622,0.8788121073672188,0.8951774965268265,0.8944392082940622,0.8,0.6619718309859155,5.776992165106058,1906.407414484999,0.8530769230769231,2.0,330.0
hard,1061,668,12.493054253049195,0.2494246931746602,0.9048067860508954,0.8902853925106862,0.9052958485276382,0.9048067860508954,0.8,0.6751052931132613,5.8074025240158225,3879.344886042569,0.8827862775156051,2.0,668.0
