phase,n_samples,n_iter,train_time_s,pred_time_s,micro_f1,macro_f1,f1_weighted,accuracy,hard_slice_quantile,hard_slice_macro_f1,avg_seq_len,compute_proxy,best_val_macro_f1,best_val_epoch,steps_to_best_val
clean,1061,162,14.515660516917706,0.2572787618264556,0.8689915174363808,0.8451932211218005,0.8679045760181667,0.8689915174363808,0.8,0.6877889277257865,5.733410942956927,928.8125727590221,0.8454930662557781,2.0,162.0
diverse,1061,492,12.654589120298624,0.2559747789055109,0.883129123468426,0.8651941898781907,0.8835925584449179,0.883129123468426,0.8,0.6156695156695157,5.786535513541135,2846.975472662238,0.870385450597177,2.0,492.0
hard,1061,1002,18.501120551489294,0.2553699743002653,0.9038642789820923,0.8887566300727766,0.904096109911647,0.9038642789820923,0.8,0.6815422254440014,5.804353264948712,5815.9619714786095,0.883776355688975,2.0,1002.0
