name,seconds
data_load_time_s,0.8412040220573545
is_fit_time_s,75.82240614295006
preprocess_time_s,75.82240614295006
cl_signal_extract,2.011008351109922
cl_phase_build,0.0010944269597530365
model_train_time_s,400.08608574513346
metric_eval_time_s,12.034760003909469
total_run_time_s,482.9890244426206
