phase,n_samples,n_iter,train_time_s,pred_time_s,micro_f1,macro_f1,f1_weighted,accuracy,hard_slice_quantile,hard_slice_macro_f1,avg_seq_len,compute_proxy,best_val_macro_f1,best_val_epoch,steps_to_best_val
clean,500,54,25.598420879803598,1.4494282463565469,0.95,0.9499421331058704,0.9499421331058704,0.95,0.8,0.8221571294068417,129.86330935251797,7012.61870503597,0.935483870967742,2.0,54.0
diverse,500,160,32.54563760198653,1.4613038701936603,0.968,0.9679918059023109,0.9679918059023109,0.968,0.8,0.8572011423908609,128.8656537385046,20618.504598160733,0.9599873540279398,1.0,107.0
hard,500,326,50.04898641444743,1.4617643058300018,0.984,0.984,0.984,0.984,0.8,0.8673740053050398,127.3940867535499,41530.47228165727,0.9666651851193386,2.0,326.0
