phase,n_samples,n_iter,train_time_s,pred_time_s,micro_f1,macro_f1,accuracy,hard_slice_macro_f1
clean,150,20,9.10742310108617,2.3515733941458166,0.44945188794153473,0.08859543817527012,0.44945188794153473,0.10439560439560439
