name,seconds
data_load_time_s,0.7479109978303313
is_fit_time_s,13.793977322988212
preprocess_time_s,13.793977322988212
model_train_time_s,692.9184741862118
total_run_time_s,721.7346851387993
