name,seconds
data_load_time_s,0.9660515463910997
is_fit_time_s,314.981634975411
preprocess_time_s,314.981634975411
cl_signal_extract,1.8807885777205229
cl_phase_build,0.0013448330573737621
