phase,n_samples,n_iter,train_time_s,pred_time_s,micro_f1,macro_f1,f1_weighted,accuracy,hard_slice_quantile,hard_slice_macro_f1,avg_seq_len,compute_proxy,best_val_macro_f1,best_val_epoch,steps_to_best_val
easy,1061,162,15.517423809505999,0.23198657017201185,0.8369462770970783,0.7853986982664988,0.8247532921044605,0.8369462770970783,0.8,0.6949006875477464,5.773767947225456,935.3504074505238,0.8050255202198665,2.0,162.0
easy_medium,1061,486,12.209621043875813,0.23007189482450485,0.824693685202639,0.7566633785450061,0.8048060376235805,0.824693685202639,0.8,0.6097781701798919,5.78670288449101,2812.337601862631,0.8050255202198665,2.0,162.0
all,1061,1024,19.45277228858322,0.2309746164828539,0.9057492931196984,0.8916276485344707,0.9062654890053203,0.9057492931196984,0.8,0.7094536795135598,5.818638563813492,5958.285889345016,0.9068617206548241,2.0,1024.0
