name,seconds
data_load_time_s,0.12963424902409315
is_fit_time_s,4.142890235409141
preprocess_time_s,4.142890235409141
cl_signal_extract,1.668979094363749
cl_phase_build,0.0016514603048563004
model_train_time_s,85.64533704239875
metric_eval_time_s,2.327387912198901
total_run_time_s,92.60654981806874
