name,seconds
data_load_time_s,1.083437497727573
is_fit_time_s,5.969267783686519
preprocess_time_s,5.969267783686519
cl_signal_extract,0.8251631781458855
