name,seconds
data_load_time_s,1.0728854853659868
is_fit_time_s,6.3957200376316905
preprocess_time_s,6.3957200376316905
cl_signal_extract,0.8036196529865265
