name,seconds
data_load_time_s,0.4997292999178171
is_fit_time_s,283.89680447708815
preprocess_time_s,283.89680447708815
cl_signal_extract,1.953085740096867
cl_phase_build,0.0012379209510982037
