name,seconds
is_fit,194.07539582205936
cl_signal_extract,0.8375317519530654
cl_phase_build,0.0008584307506680489
cl_total,129.32171544292942
total_run,327.8459328711033
