phase,n_samples,n_iter,train_time_s,pred_time_s,micro_f1,macro_f1,f1_weighted,accuracy,hard_slice_quantile,hard_slice_macro_f1,avg_seq_len,compute_proxy,best_val_macro_f1,best_val_epoch,steps_to_best_val
easy,1831,278,96.40408398304135,5.4597715782001615,0.6116876024030584,0.3908557525910462,0.567696202125324,0.6116876024030584,0.8,0.21286570268841465,228.751012145749,63592.78137651822,0.3843877399595775,2.0,278.0
easy_medium,1831,834,170.79767175391316,5.461768439039588,0.695794647733479,0.5820823580150019,0.6873294046237244,0.695794647733479,0.8,0.3278438081761137,225.8971437139216,188398.2178574106,0.5782704110399148,2.0,834.0
all,1831,1762,277.82414130494,5.5018911538645625,0.7509557618787548,0.695000398124846,0.7503868395529312,0.7509557618787548,0.8,0.3274478316641192,222.60926070591577,392237.5173638236,0.7013836868738104,2.0,1762.0
