name,seconds
data_load_time_s,0.824824433773756
is_fit_time_s,78.37114776019007
preprocess_time_s,78.37114776019007
cl_signal_extract,1.912993493489921
cl_phase_build,0.0011763786897063255
model_train_time_s,1990.5762058766559
total_run_time_s,2090.6357780797407
