name,seconds
data_load_time_s,0.8095922190696001
is_fit_time_s,76.8024886418134
preprocess_time_s,76.8024886418134
cl_signal_extract,1.7540401304140687
cl_phase_build,0.0018124151974916458
model_train_time_s,1830.3691912200302
metric_eval_time_s,79.60141676105559
total_run_time_s,1917.9508772781119
