name,seconds
data_load_time_s,0.8254586923867464
is_fit_time_s,76.14284682273865
preprocess_time_s,76.14284682273865
