name,seconds
data_load_time_s,1.0469742445275187
is_fit_time_s,2.0407625501975417
preprocess_time_s,2.0407625501975417
