name,seconds
data_load_time_s,0.2439300548285246
is_fit_time_s,0.24663594271987677
preprocess_time_s,0.24663594271987677
cl_signal_extract,0.7192255733534694
cl_phase_build,0.0005856752395629883
model_train_time_s,153.48449621349573
metric_eval_time_s,4.377459431998432
total_run_time_s,156.28416982106864
