name,seconds
data_load_time_s,0.05014771223068237
is_fit_time_s,0.41808333806693554
preprocess_time_s,0.41808333806693554
cl_signal_extract,1.0253961915150285
cl_phase_build,0.0007729893550276756
model_train_time_s,93.2096486557275
total_run_time_s,95.7226037774235
