phase,n_samples,n_iter,train_time_s,pred_time_s,micro_f1,macro_f1,f1_weighted,accuracy,hard_slice_quantile,hard_slice_macro_f1,avg_seq_len,compute_proxy,best_val_macro_f1,best_val_epoch,steps_to_best_val
clean,1185,182,19.59123383834958,0.7687596324831247,0.490295358649789,0.4941297793484162,0.4897090567935578,0.490295358649789,0.8,0.2427227268874866,24.080527594585213,4382.656022214509,0.5175355791340982,2.0,182.0
diverse,1185,544,24.71222537290305,0.7668651156127453,0.5409282700421941,0.5433090609921454,0.5405549866128587,0.5409282700421941,0.8,0.2779871889627987,24.4444058775888,13297.756797408307,0.5223283903391419,2.0,544.0
hard,1185,1116,38.54691045451909,0.7751471111550927,0.5383966244725739,0.5419774007655386,0.5392026960865299,0.5383966244725739,0.8,0.2539099960175229,24.62527441598649,27481.806248240922,0.5223283903391419,2.0,544.0
