phase,n_samples,n_iter,train_time_s,pred_time_s,micro_f1,macro_f1,f1_weighted,accuracy,hard_slice_quantile,hard_slice_macro_f1,avg_seq_len,compute_proxy,best_val_macro_f1,best_val_epoch,steps_to_best_val
clean,1313,132,52.25933162216097,3.8538923747837543,0.5658796648895659,0.04713194112497374,0.4839943637656855,0.5658796648895659,0.8,0.019709496701906564,120.93429256594725,15963.326618705036,0.05121219438615565,2.0,132.0
diverse,1313,394,82.16450053080916,3.864120909012854,0.6770753998476771,0.15645075057886393,0.645252701383879,0.6770753998476771,0.8,0.08753965396753158,132.76610711430854,52309.84620303757,0.17290421261510044,2.0,394.0
hard,1313,808,126.18217976950109,3.863329696469009,0.7319116527037319,0.3714865305127758,0.7175086908938698,0.7319116527037319,0.8,0.24103576503731303,145.23170257447305,117347.21568017422,0.4290261611793382,2.0,808.0
