name,seconds
data_load_time_s,1.0137421321123838
is_fit_time_s,2.0032258853316307
preprocess_time_s,2.0032258853316307
model_train_time_s,313.8514740364626
total_run_time_s,321.98537855874747
