phase,n_samples,n_iter,train_time_s,pred_time_s,micro_f1,macro_f1,f1_weighted,accuracy,hard_slice_quantile,hard_slice_macro_f1,avg_seq_len,compute_proxy,best_val_macro_f1,best_val_epoch,steps_to_best_val
easy,822,126,48.47596335504204,2.4822434317320585,0.7092457420924574,0.42002314544059877,0.6698549420918791,0.7092457420924574,0.8,0.2723408743342298,144.07081868407835,18152.92315419387,0.4499559129895333,2.0,126.0
easy_medium,822,376,77.6677032392472,2.533620103262365,0.7834549878345499,0.5843290156268984,0.7610247979193123,0.7834549878345499,0.8,0.4134201385761718,143.29142952795448,53877.57750251088,0.5875068075700015,2.0,376.0
all,822,792,126.30309446807951,2.5018214592710137,0.8394160583941606,0.7776610764005009,0.8433513965794782,0.8394160583941606,0.8,0.44569326498421935,144.57646872274637,114504.56322841512,0.7463512806469118,2.0,792.0
