name,seconds
data_load_time_s,0.12622285913676023
is_fit_time_s,4.073908632621169
preprocess_time_s,4.073908632621169
model_train_time_s,78.97298658452928
metric_eval_time_s,0.7522663660347462
total_run_time_s,85.97791486047208
