name,seconds
data_load_time_s,0.9632444782182574
is_fit_time_s,294.78278720518574
preprocess_time_s,294.78278720518574
cl_signal_extract,1.9411093038506806
cl_phase_build,0.001355282962322235
