name,seconds
is_fit,177.73396070394665
train_total,289.6165336370468
total_run,473.57851676782593
