name,seconds
data_load_time_s,0.9667921513319016
is_fit_time_s,305.7446005223319
preprocess_time_s,305.7446005223319
model_train_time_s,660.664336163085
total_run_time_s,975.3452513259836
