name,seconds
data_load_time_s,0.24264844879508018
is_fit_time_s,0.26452382281422615
preprocess_time_s,0.26452382281422615
cl_signal_extract,0.5132876634597778
cl_phase_build,0.0006260564550757408
model_train_time_s,488.3942385436967
metric_eval_time_s,14.580359338782728
total_run_time_s,491.20568581391126
