name,seconds
data_load_time_s,0.24440823309123516
is_fit_time_s,0.22394987475126982
preprocess_time_s,0.22394987475126982
model_train_time_s,163.6071458104998
metric_eval_time_s,1.4542988687753677
total_run_time_s,165.8772912202403
