phase,n_samples,n_iter,train_time_s,pred_time_s,micro_f1,macro_f1,accuracy,hard_slice_macro_f1
full,823,1632,268.4005111604929,2.4224724220111966,0.13608748481166463,0.034224598930481284,0.13608748481166463,0.013136288998357963
