name,seconds
data_load_time_s,1.0146643668413162
is_fit_time_s,2.0467446325346828
preprocess_time_s,2.0467446325346828
model_train_time_s,268.4005111604929
total_run_time_s,276.80719304736704
