name,seconds
data_load_time_s,0.8651061542332172
is_fit_time_s,75.75633036717772
preprocess_time_s,75.75633036717772
model_train_time_s,1048.7816876797006
total_run_time_s,1148.3288467582315
