phase,n_samples,n_iter,train_time_s,pred_time_s,micro_f1,macro_f1,accuracy,hard_slice_macro_f1
full,1061,1614,328.52423337101936,1.7128383060917258,0.9123468426013195,0.8988152919931458,0.9123468426013195,0.7439903846153846
