phase,n_samples,n_iter,train_time_s,pred_time_s,micro_f1,macro_f1,f1_weighted,accuracy,hard_slice_quantile,hard_slice_macro_f1,avg_seq_len,compute_proxy,best_val_macro_f1,best_val_epoch,steps_to_best_val
easy,820,126,47.42130379192531,2.539334438741207,0.7219512195121951,0.42384355677373314,0.6817990073759194,0.7219512195121951,0.8,0.1954327556737195,145.62048192771084,18348.180722891568,0.43592965111699833,2.0,126.0
easy_medium,820,376,77.16592840477824,2.5392898870632052,0.776829268292683,0.5690094201208922,0.7549650607569502,0.776829268292683,0.8,0.45225059575017473,143.744812583668,54048.04953145917,0.5732832282753435,2.0,376.0
all,820,792,125.47167382761836,2.540707014501095,0.8256097560975609,0.7561971511890331,0.8278750969346895,0.8256097560975609,0.8,0.37891072309193524,144.575493381945,114503.79075850043,0.774570628830857,2.0,792.0
