name,seconds
data_load_time_s,0.1274979393929243
is_fit_time_s,4.327319756150246
preprocess_time_s,4.327319756150246
cl_signal_extract,1.7053035693243146
cl_phase_build,0.0027672676369547844
model_train_time_s,86.08800984732807
metric_eval_time_s,2.295565019361675
total_run_time_s,93.27252781018615
