name,seconds
data_load_time_s,1.456769217737019
is_fit_time_s,62.19636607076973
preprocess_time_s,62.19636607076973
cl_signal_extract,1.6993979308754206
cl_phase_build,0.0015731090679764748
model_train_time_s,1693.4127540104091
metric_eval_time_s,54.37637156061828
total_run_time_s,1764.524434284307
