name,seconds
data_load_time_s,0.7757678776979446
is_fit_time_s,13.128989084623754
preprocess_time_s,13.128989084623754
model_train_time_s,258.30977556295693
metric_eval_time_s,2.4588516894727945
total_run_time_s,274.9968491382897
