name,seconds
data_load_time_s,0.24645307660102844
is_fit_time_s,0.17376867216080427
preprocess_time_s,0.17376867216080427
cl_signal_extract,0.7262478619813919
cl_phase_build,0.0008363807573914528
model_train_time_s,696.4123374829069
metric_eval_time_s,14.54721524938941
total_run_time_s,699.4112882660702
