name,seconds
data_load_time_s,0.8140693167224526
is_fit_time_s,77.00143014267087
preprocess_time_s,77.00143014267087
