name,seconds
data_load_time_s,1.016316364519298
is_fit_time_s,2.0138815036043525
preprocess_time_s,2.0138815036043525
model_train_time_s,225.05556998495013
total_run_time_s,233.19702953845263
