phase,n_samples,n_iter,train_time_s,pred_time_s,micro_f1,macro_f1,accuracy,hard_slice_macro_f1
full,819,1626,556.9696687739342,4.974618053995073,0.8913308913308914,0.847517255610902,0.8913308913308914,0.5202363619030285
