name,seconds
data_load_time_s,1.0078678890131414
is_fit_time_s,173.61505498597398
preprocess_time_s,173.61505498597398
model_train_time_s,556.9696687739342
total_run_time_s,741.7044260762632
