name,seconds
data_load_time_s,1.0136485979892313
is_fit_time_s,173.07341052219272
preprocess_time_s,173.07341052219272
model_train_time_s,538.7700067451224
total_run_time_s,723.6217195689678
