name,seconds
data_load_time_s,0.8193264082074165
is_fit_time_s,75.84523607604206
preprocess_time_s,75.84523607604206
model_train_time_s,777.9656266449019
total_run_time_s,871.2108171302825
