name,seconds
data_load_time_s,1.393834345974028
is_fit_time_s,62.963665830902755
preprocess_time_s,62.963665830902755
cl_signal_extract,1.6824972834438086
cl_phase_build,0.001017165370285511
model_train_time_s,370.9244514107704
metric_eval_time_s,16.342306915670633
total_run_time_s,442.63880934379995
