name,seconds
data_load_time_s,0.7127760276198387
is_fit_time_s,14.450418232940137
preprocess_time_s,14.450418232940137
