phase,n_samples,n_iter,train_time_s,pred_time_s,micro_f1,macro_f1,f1_weighted,accuracy,hard_slice_quantile,hard_slice_macro_f1,avg_seq_len,compute_proxy,best_val_macro_f1,best_val_epoch,steps_to_best_val
full,822,822,261.6987127903849,2.510559822432697,0.8746958637469586,0.8447721643587662,0.8744761516694554,0.8746958637469586,0.8,0.5329133540782434,148.3695751484696,121959.79077204202,0.8047979131820738,6.0,822.0
