name,seconds
data_load_time_s,0.7725427942350507
is_fit_time_s,15.203777216374874
preprocess_time_s,15.203777216374874
model_train_time_s,261.6987127903849
metric_eval_time_s,2.510559822432697
total_run_time_s,280.4907751539722
