name,seconds
data_load_time_s,0.12847373262047768
is_fit_time_s,4.525694767013192
preprocess_time_s,4.525694767013192
cl_signal_extract,1.6723837768658996
cl_phase_build,0.001364903524518013
model_train_time_s,85.9621121045202
metric_eval_time_s,2.2792880898341537
total_run_time_s,93.24462994281203
