name,seconds
data_load_time_s,0.9998178891837597
is_fit_time_s,1.991278100758791
preprocess_time_s,1.991278100758791
model_train_time_s,253.33626457490027
total_run_time_s,261.52367962989956
