name,seconds
data_load_time_s,0.7036446742713451
is_fit_time_s,15.295781457796693
preprocess_time_s,15.295781457796693
model_train_time_s,276.9157831631601
total_run_time_s,298.28500017523766
