name,seconds
data_load_time_s,1.009428852237761
is_fit_time_s,2.0833280505612493
preprocess_time_s,2.0833280505612493
