name,seconds
data_load_time_s,0.8384961578994989
is_fit_time_s,76.36024486646056
preprocess_time_s,76.36024486646056
cl_signal_extract,1.9430999141186476
cl_phase_build,0.0011094380170106888
