phase,n_samples,n_iter,train_time_s,pred_time_s,micro_f1,macro_f1,accuracy,hard_slice_macro_f1
full,1338,2028,1837.2429200448096,10.33962701074779,0.7473841554559043,0.46136292091593845,0.7473841554559043,0.2860730736962928
